,ngenes,loci,sample,mu,rr,seeds,Na,N0,Nb,B_t,mu_sv,sfs1_mean,sfs1_shape,sfs2_mean,sfs2_shape
0,281,20000000,26,2e-06,1.05e-06,1090175914500270507,1000,2523,995,67,2.5421512430802616e-08,-0.07943040072858167,19.33861790258217,-0.08306887588733133,99.37367717352164
1,283,20000000,26,2e-06,1.05e-06,1178951645159648020,1000,17145,476,67,2.3411661792071103e-08,-0.049483139199869686,57.96347321684981,-0.034193193082665475,60.89722249530246
2,223,20000000,26,2e-06,1.05e-06,46092834763893799,1000,18852,305,67,2.0339003618792953e-08,-0.04477031477901501,83.65934236097563,-0.02100578912391369,5.36736688265923
3,271,20000000,26,2e-06,1.05e-06,4551638483498537333,1000,6099,200,67,1.8742214003525664e-08,-0.06005315761800717,77.414834042037,-0.033608928272637485,54.51064785008486
4,243,20000000,26,2e-06,1.05e-06,1693164962255645443,1000,1322,807,67,2.983921597589987e-08,-0.06791042665314494,46.795843076447326,-0.06431977175274613,64.12972178469496
5,291,20000000,26,2e-06,1.05e-06,3188273803120148462,1000,1091,756,67,4.214975138718608e-09,-0.08959209063890368,69.28415462093577,-0.036930162610687,7.157687799944346
6,20,20000000,26,2e-06,1.05e-06,4024631245239940378,1000,3374,154,67,8.567979639169664e-10,-0.07269857472457333,70.235664474618,-0.04819153747197241,29.12527877328416
7,148,20000000,26,2e-06,1.05e-06,1683116144502573374,1000,3161,449,67,1.2751466818009204e-09,-0.08206155841082122,49.59814526818218,-0.08720410117517977,24.317816415989114
8,111,20000000,26,2e-06,1.05e-06,385038881307029639,1000,1117,40,67,1.2983197412883445e-08,-0.0031373849952843983,11.534975330432772,-0.07728903721852033,80.60462680396206
9,239,20000000,26,2e-06,1.05e-06,3515400951857617808,1000,3492,838,67,2.061096140305892e-08,-0.08196535178728474,2.9515988402079585,-0.04719568029424603,5.706414120158598
10,12,20000000,26,2e-06,1.05e-06,3217007497937841005,1000,1325,712,67,2.7510541218985774e-08,-0.025569762319694524,67.01513705892737,-0.018720762734913222,55.129741930367125
11,116,20000000,26,2e-06,1.05e-06,2864453487018502,1000,1763,579,67,2.8808708560093402e-08,-0.0176733258932396,71.18349593719881,-0.00951770202865322,80.00618138082804
12,160,20000000,26,2e-06,1.05e-06,328795614873630794,1000,1081,173,67,3.320853930116657e-09,-0.005498616542351642,1.0841574431685208,-0.042002303845092154,28.15540361015154
13,35,20000000,26,2e-06,1.05e-06,1299356345459622820,1000,1683,883,67,2.4131743433327588e-08,-0.09105924027242122,83.06331591186179,-0.05456948996396263,91.13168397196227
14,211,20000000,26,2e-06,1.05e-06,2347720615923753399,1000,13788,58,67,4.665802447197943e-08,-0.018567144036921147,20.570113188231776,-0.030058081440808106,54.03369228162731
15,275,20000000,26,2e-06,1.05e-06,1988789743549563573,1000,10593,330,67,2.4835397172183436e-08,-0.01699251847289236,78.2815081648232,-0.05496828831207271,16.949312538730897
16,185,20000000,26,2e-06,1.05e-06,4389666149172594602,1000,9503,721,67,7.259136947943262e-09,-0.09638023230621916,62.98188609772446,-0.07717548920301254,16.844937838348862
17,76,20000000,26,2e-06,1.05e-06,1373816483217201892,1000,3432,152,67,3.563943469364427e-08,-0.06405371041482442,92.86284574654816,-0.07254354019937162,52.19260783556224
18,91,20000000,26,2e-06,1.05e-06,1645977137353848101,1000,8312,849,67,3.1567040624984524e-08,-0.09822784266704788,30.498986513054362,-0.05476985899772812,77.14800857635655
19,50,20000000,26,2e-06,1.05e-06,3645315763235074236,1000,2211,424,67,8.329716909517515e-09,-0.0391915188677366,69.46288013867911,-0.02381155938978813,0.6222401489926255
20,219,20000000,26,2e-06,1.05e-06,4241120296953450623,1000,2267,393,67,2.8384497507651373e-09,-0.0450362891465101,10.177520083170332,-0.04579819586390285,55.28218305383044
21,161,20000000,26,2e-06,1.05e-06,1238059151549286239,1000,18590,784,67,4.956462544386728e-08,-0.07594449284946914,57.74272713900355,-0.01854338223023544,43.520582814519194
22,139,20000000,26,2e-06,1.05e-06,3769944413468995608,1000,14544,515,67,3.846355387653523e-08,-0.028946950896909664,35.28807585172514,-0.01249354496398335,34.755751277722894
23,107,20000000,26,2e-06,1.05e-06,3242695138263179260,1000,5873,241,67,3.920037330852365e-08,-0.0042425392326028155,48.063352521596414,-0.0885168335791817,55.201643911975516
24,177,20000000,26,2e-06,1.05e-06,3226094938132269694,1000,5145,115,67,7.912254226478005e-09,-0.05716596692547152,13.099124068852607,-0.010104637222398972,7.890116303880013
25,161,20000000,26,2e-06,1.05e-06,3533188329421423145,1000,2693,388,67,3.718667611591386e-09,-0.0966158993281794,87.30424507435964,-0.07292536339048696,23.158994488731143
26,233,20000000,26,2e-06,1.05e-06,4125560104698615962,1000,3858,57,67,3.1121347166680967e-09,-0.08148407050213294,19.280026411592,-0.09832699159337736,36.299898815716126
27,29,20000000,26,2e-06,1.05e-06,1305835779805356480,1000,7625,630,67,3.367216573162402e-08,-0.054670587241264716,6.352265811070357,-0.06998103541014332,13.306268834538248
28,166,20000000,26,2e-06,1.05e-06,3639696877756480317,1000,14351,762,67,3.748908533076878e-08,-0.018929432448749773,40.34345581301808,-0.029254917951602732,0.8513582294747857
29,173,20000000,26,2e-06,1.05e-06,1491645425651374894,1000,3453,694,67,1.4657945732381832e-08,-0.04610210056830347,5.012322818592041,-0.023970289314095974,68.78549640268074
30,110,20000000,26,2e-06,1.05e-06,2112273909601962424,1000,1504,536,67,6.982067659247015e-09,-0.029769146466287612,63.176703185424955,-0.031241487810275338,81.18390903926289
31,250,20000000,26,2e-06,1.05e-06,3458967764706911136,1000,1492,739,67,4.543636352667137e-08,-0.07403790235780781,53.43987615589511,-0.04139371924982366,30.364903045222835
32,133,20000000,26,2e-06,1.05e-06,3645834905239799246,1000,2641,486,67,2.1804672837317778e-08,-0.07277673059975452,69.89911993140153,-0.04616774179637585,58.58769738321408
33,210,20000000,26,2e-06,1.05e-06,2844052986204117450,1000,2890,275,67,1.2335699274908628e-09,-0.08763752658866107,20.973693634887237,-0.013192622276926004,48.66466146697981
34,44,20000000,26,2e-06,1.05e-06,4565891737323794413,1000,4614,907,67,1.6698547028059007e-09,-0.09994176506725957,62.2063849729939,-0.07052996672527766,11.81407513173951
35,92,20000000,26,2e-06,1.05e-06,3914424517401880220,1000,11110,668,67,1.1283656361211607e-08,-0.08060606173529726,44.514355712765344,-0.09851962346766518,89.66323431913399
36,136,20000000,26,2e-06,1.05e-06,517364272632374743,1000,4012,22,67,2.2288671389689766e-08,-0.013057622795084968,95.88848988824614,-0.01993857918187325,7.923205507666653
37,167,20000000,26,2e-06,1.05e-06,3317891937103582372,1000,4777,936,67,2.993274242235925e-08,-0.06858848099408461,5.378522987424272,-0.03579658396331472,84.8335471038125
38,109,20000000,26,2e-06,1.05e-06,4211962062161072319,1000,3819,804,67,5.017539890327382e-09,-0.049407162640653174,6.8656970222060965,-0.05591430467617645,92.9089285253067
39,57,20000000,26,2e-06,1.05e-06,2540080645998506023,1000,9377,39,67,4.187339305405051e-08,-0.03864491420793353,56.36901537418032,-0.03248539965666506,15.492085376801413
40,238,20000000,26,2e-06,1.05e-06,2107798677789486991,1000,2727,469,67,2.3617674995906e-08,-0.06781240871684767,8.679052719327874,-0.044189309545706615,80.63449411622233
41,295,20000000,26,2e-06,1.05e-06,835537408946025385,1000,5860,951,67,2.4275404350185225e-08,-0.0947075357155356,15.781214158529245,-0.06132438019483823,69.68617979588187
42,55,20000000,26,2e-06,1.05e-06,3844616209785187330,1000,4901,564,67,3.443288153104936e-08,-0.0982709987946792,7.71270734087649,-0.06593798332648874,61.61620431725036
43,153,20000000,26,2e-06,1.05e-06,1711261527495126436,1000,8353,427,67,4.500938896521685e-08,-0.040788960423807544,87.58433650667494,-0.09273081725896996,96.98490755491109
44,85,20000000,26,2e-06,1.05e-06,1362569594327552212,1000,1299,652,67,2.5901078557156587e-08,-0.0144735822609951,73.29767978761372,-0.06130284621821061,86.54948643606284
45,177,20000000,26,2e-06,1.05e-06,2467066980631175113,1000,4287,557,67,4.012607272848801e-08,-0.025960341010262445,10.17433373370652,-0.043222034470279204,28.332936462062907
46,195,20000000,26,2e-06,1.05e-06,2487899302562329140,1000,13671,44,67,3.462458295634364e-08,-0.010509215746220003,82.31702509481258,-0.08015748038127733,3.2531445369417766
47,102,20000000,26,2e-06,1.05e-06,398560253350721094,1000,9766,278,67,4.653385598472581e-08,-0.04836640269417797,99.22806294237824,-0.038245097081702484,65.97146354571525
48,201,20000000,26,2e-06,1.05e-06,961193206336691365,1000,1218,505,67,7.619867465036117e-09,-0.08557641068212367,16.199694187030577,-0.02324165001112858,14.121447538796527
49,49,20000000,26,2e-06,1.05e-06,3101606120466120824,1000,15874,679,67,5.204722475243678e-09,-0.04520982096689935,38.27386125661253,-0.0234273658868988,8.469830890626495
50,176,20000000,26,2e-06,1.05e-06,419132375459493766,1000,3477,514,67,4.38554000939669e-08,-0.034100705582462525,12.74066620809402,-0.0013709335783806177,99.00927477127878
51,204,20000000,26,2e-06,1.05e-06,1457698855223840417,1000,2517,921,67,2.4200534851521226e-08,-0.029808476541014286,13.295886877827478,-0.005352872123713593,64.92897159767924
52,114,20000000,26,2e-06,1.05e-06,546684468672989693,1000,2145,875,67,2.6516585172503357e-08,-0.09025910839195025,47.52703255646521,-0.052724925021377725,37.64137367131082
53,242,20000000,26,2e-06,1.05e-06,454563669824270381,1000,1914,678,67,2.7613516422594597e-08,-0.04379504305328481,92.92226679529313,-0.013962185196823775,97.17072065893426
54,118,20000000,26,2e-06,1.05e-06,2011388802151733926,1000,2333,298,67,3.021261458540031e-09,-0.06327753882242947,29.701968979525674,-0.04020467581709412,11.838660327614747
55,253,20000000,26,2e-06,1.05e-06,1613774295932015527,1000,5383,354,67,4.0400418409509684e-08,-0.011737264237807556,67.40156051128939,-0.0888289505215717,54.252924489358
56,25,20000000,26,2e-06,1.05e-06,3467852205837643270,1000,1691,359,67,1.8399517762103654e-08,-0.06845097252059718,80.28308173954724,-0.02336104000381798,86.34125138082351
57,3,20000000,26,2e-06,1.05e-06,3960358078861559899,1000,9008,55,67,3.065537865023082e-08,-0.01578561164940595,44.338509647536526,-0.0534307725547796,5.416266519400537
58,78,20000000,26,2e-06,1.05e-06,3894834617974504808,1000,9254,923,67,2.971477114305328e-08,-0.05140018247365067,28.012038898620737,-0.01089861113081374,13.210322337870384
59,160,20000000,26,2e-06,1.05e-06,3432192486815395329,1000,4083,204,67,3.496833738399362e-08,-0.08588528927394029,32.20081634496936,-0.05940249536200651,65.37907851884837
60,121,20000000,26,2e-06,1.05e-06,2431545925152107834,1000,4342,501,67,2.6919166235057467e-09,-0.04255480624837696,51.68528845037292,-0.09516599973749543,25.745978840450366
61,179,20000000,26,2e-06,1.05e-06,1282000304845487428,1000,1411,35,67,5.210355740936273e-09,-0.025028351920882586,51.65108542664103,-0.09321045180927715,96.16186287027372
62,291,20000000,26,2e-06,1.05e-06,3551216781255538375,1000,15289,754,67,2.669696086174727e-08,-0.02703663483032386,44.8603051096482,-0.032516017921287235,61.257169643087664
63,254,20000000,26,2e-06,1.05e-06,2433026526308042931,1000,1682,360,67,2.9146113923017023e-09,-0.027055274029186394,75.25922566385954,-0.023340188959959443,73.33485999704608
64,36,20000000,26,2e-06,1.05e-06,2828273938542807717,1000,5600,246,67,1.590182748762004e-08,-0.021761826188213797,46.916582203937686,-0.035943393665511025,66.00149963221116
65,15,20000000,26,2e-06,1.05e-06,896935251517629604,1000,11083,75,67,1.884381544645779e-08,-0.020863499773285877,74.33322759943368,-0.09877568133596948,51.49199508257788
66,230,20000000,26,2e-06,1.05e-06,2700320761169640330,1000,2245,44,67,4.021619747906121e-08,-0.04148335925894397,53.01264043599752,-0.02306923496711968,3.1328180287789498
67,125,20000000,26,2e-06,1.05e-06,2585549424637310106,1000,4132,919,67,2.9785850917642386e-08,-0.022913160000170442,74.89149862834054,-0.029971663495794457,94.2103387249414
68,217,20000000,26,2e-06,1.05e-06,3733539443348114604,1000,9954,753,67,1.2957212066353307e-08,-0.06587248171521516,73.19359006014042,-0.06365998019767365,24.894718014945937
69,198,20000000,26,2e-06,1.05e-06,4012272458272121053,1000,2478,417,67,3.915631315398055e-08,-0.08008682672179364,97.54367572346914,-0.022656650492989396,12.820639942096578
70,116,20000000,26,2e-06,1.05e-06,2889154102189148781,1000,5395,53,67,2.0674013231167e-08,-0.06996711128068192,37.63420694250692,-0.03032627251990664,49.91051627301787
71,271,20000000,26,2e-06,1.05e-06,1140950280814309761,1000,12695,488,67,2.9840854946058916e-08,-0.0028990770679347966,97.53598887913142,-0.03815338832795796,58.00437163490177
72,106,20000000,26,2e-06,1.05e-06,2675333511469061724,1000,1267,406,67,2.116348343178692e-08,-0.0945078406869946,35.439280640371685,-0.08631929994811548,45.424496612700025
73,3,20000000,26,2e-06,1.05e-06,3113395396043854869,1000,7661,475,67,6.794945720724421e-10,-0.057093396992962946,74.11295401322737,-0.08571038112041479,18.6998711442655
74,85,20000000,26,2e-06,1.05e-06,3009517940444301883,1000,3154,773,67,1.1777765943045891e-08,-0.01708911513923681,67.19987992049516,-0.008714826831128586,71.87499890423827
75,71,20000000,26,2e-06,1.05e-06,3445228721440922637,1000,12458,927,67,3.663250844018573e-08,-0.07887928071979183,97.0589856617319,-0.06360241307814687,22.29118717192985
76,117,20000000,26,2e-06,1.05e-06,474111789581318186,1000,15899,728,67,1.1690366392194213e-08,-0.00520201242781434,47.282841330984645,-0.07108745356214079,96.80828001767956
77,269,20000000,26,2e-06,1.05e-06,1799305920974898039,1000,2253,696,67,1.492641188595117e-08,-0.09676780666876066,76.4841520784639,-0.08238458811746771,80.39590062480788
78,277,20000000,26,2e-06,1.05e-06,1663420502517110102,1000,4981,738,67,2.0426279149275695e-09,-0.0718608968864815,91.84217863386617,-0.05754762500194952,14.268152613300355
79,81,20000000,26,2e-06,1.05e-06,3119310857646228051,1000,1261,533,67,4.856076843300628e-08,-0.025162457856036748,14.7463170174155,-0.0263949336663325,58.561878359967004
80,292,20000000,26,2e-06,1.05e-06,1449085130408192470,1000,7155,762,67,2.9780832239543807e-09,-0.02354055183221262,84.4346203688995,-0.037666140036939105,82.9408619735289
81,94,20000000,26,2e-06,1.05e-06,1747385700025948761,1000,12133,886,67,1.8876263148581223e-08,-0.098348672902805,34.43919641344686,-0.03131863750732546,18.280939286938715
82,21,20000000,26,2e-06,1.05e-06,3058747492086362604,1000,8492,857,67,3.8202240498799303e-08,-0.0581365114365717,9.63811184515001,-0.0048966273054940395,83.77780621953981
83,152,20000000,26,2e-06,1.05e-06,3004929129359878646,1000,10102,335,67,5.971936824583762e-09,-0.014569182061562403,11.730454814278769,-0.030146361395468748,0.15873636818052317
84,56,20000000,26,2e-06,1.05e-06,1949865238988976922,1000,2917,988,67,2.1636947714414068e-08,-0.055887363458084705,64.97369071824383,-0.03221697247660249,80.8562342445062
85,219,20000000,26,2e-06,1.05e-06,4572697362059829474,1000,3040,890,67,1.9917793572337248e-09,-0.06904556820010853,56.42853587418081,-0.08918703064834753,50.21546380324972
86,198,20000000,26,2e-06,1.05e-06,3193179389430127163,1000,12645,664,67,2.4263611678401012e-08,-0.09406731338019456,49.951586612517374,-0.09203381705647748,29.725787742587194
87,197,20000000,26,2e-06,1.05e-06,104306609842771701,1000,5096,520,67,4.6211236595751894e-08,-0.06920400731087052,29.613206245434085,-0.07376971030990097,22.978846646168517
88,90,20000000,26,2e-06,1.05e-06,3018889315541682540,1000,6154,761,67,3.687237005714503e-08,-0.09118316224940894,45.95702594261848,-0.039890558300121726,90.24029564908179
89,205,20000000,26,2e-06,1.05e-06,951527526061171733,1000,1482,840,67,1.6655172015230017e-08,-0.07298795336043279,98.96581546839187,-0.04212478744694395,41.24011616827935
90,102,20000000,26,2e-06,1.05e-06,2547523593979969461,1000,2844,343,67,1.4916663283444186e-08,-0.09130791567887316,18.377858873792995,-0.00035037212772429663,8.633776935361226
91,85,20000000,26,2e-06,1.05e-06,3865750820219158088,1000,1092,643,67,3.9366355430581755e-10,-0.020229242118602497,7.225979454340104,-0.003955565950178286,24.69273189923966
92,43,20000000,26,2e-06,1.05e-06,3906058842994281474,1000,1429,238,67,2.8157890897619758e-08,-0.06553258618404882,79.12453357118933,-0.03235954833821536,65.9224908520519
93,290,20000000,26,2e-06,1.05e-06,2520953137841974300,1000,5708,459,67,9.465630369932598e-09,-0.06137872219723542,33.8397613347073,-0.07021660065877534,84.89206354739343
94,56,20000000,26,2e-06,1.05e-06,2155049399650368414,1000,13078,506,67,4.3175761983138875e-08,-0.09333480606929648,91.89149965351021,-0.08979676614777374,96.81938444218031
95,197,20000000,26,2e-06,1.05e-06,1518281248359782194,1000,1059,560,67,2.5907714918076818e-08,-0.02149354523680761,2.3077009747009103,-0.07003408073073016,22.82281330552034
96,189,20000000,26,2e-06,1.05e-06,2679573221023533791,1000,2654,73,67,3.2486942222593634e-08,-0.03174920396916753,5.895531270002086,-0.060763515769239995,23.764294168781664
97,20,20000000,26,2e-06,1.05e-06,1941716085941723687,1000,5264,834,67,4.6134228566864e-09,-0.06054556361998911,45.08210369954262,-0.029423408877571423,11.355130483027654
98,38,20000000,26,2e-06,1.05e-06,2097571440557500239,1000,2985,643,67,6.0414773278785915e-09,-0.006824819056759079,68.56157635119146,-0.09677853376932913,17.674447422187722
99,28,20000000,26,2e-06,1.05e-06,2098829818534426814,1000,6274,996,67,1.4692342784275947e-08,-0.09288058276304734,8.002972692160526,-0.08309601351033957,51.291567222265535
100,246,20000000,26,2e-06,1.05e-06,692934257552989509,1000,6335,661,67,2.3397807912654638e-08,-0.08805898521886302,65.32145829476327,-0.05371097920202499,67.09128234983862
101,112,20000000,26,2e-06,1.05e-06,3840715477316514129,1000,3936,606,67,3.450751536689028e-09,-0.04302386510119638,40.409126499556876,-0.013743060524749596,79.72646340112529
102,242,20000000,26,2e-06,1.05e-06,3028755876866756149,1000,3886,875,67,4.4411306506012544e-08,-0.05059200692126884,95.76787023923853,-0.015669580631265344,58.21189374345905
103,30,20000000,26,2e-06,1.05e-06,4182081827149212023,1000,1280,322,67,2.5212168844230623e-08,-0.07487553204198692,35.877500335161415,-0.04408100727813204,71.35872292434787
104,177,20000000,26,2e-06,1.05e-06,335696023473623126,1000,2710,883,67,3.774183613321325e-09,-0.04818775773428024,33.72984319449694,-0.01789017300177379,62.16557810869069
105,143,20000000,26,2e-06,1.05e-06,1057297654299040748,1000,8396,63,67,1.0319412077366847e-08,-0.030967676183982596,50.29791362538084,-0.08051265814040622,55.90828491034243
106,285,20000000,26,2e-06,1.05e-06,83615310685333971,1000,10175,956,67,4.159945553519839e-09,-0.0761040579521337,69.43086167744454,-0.09117470405158812,21.68119216284323
107,181,20000000,26,2e-06,1.05e-06,675492079813450772,1000,1114,206,67,3.00028542587938e-08,-0.049457436580162696,98.2190417019424,-0.07973790133263675,16.713198029719024
108,296,20000000,26,2e-06,1.05e-06,4551104489381472051,1000,4893,338,67,3.3716985113773725e-08,-0.07998557826446186,98.48747417009746,-0.039074012655973635,92.52227930452877
109,34,20000000,26,2e-06,1.05e-06,1564368220638672213,1000,14968,462,67,4.5860554208490555e-10,-0.0072439176038227695,15.83406003565997,-0.02774354398758826,57.06109589829801
110,68,20000000,26,2e-06,1.05e-06,3416784381244215740,1000,11444,905,67,2.6337272553417605e-08,-0.026493186806110458,49.63191696150785,-0.059754785567321,62.40929019667353
111,23,20000000,26,2e-06,1.05e-06,4150365387429851416,1000,1691,253,67,1.5283374756505506e-08,-0.05249778109159695,71.68025304396785,-0.029356077895953715,28.811380160315224
112,104,20000000,26,2e-06,1.05e-06,2105740293830451554,1000,11288,599,67,1.5359621730026885e-08,-0.09117208040311328,30.34382239406501,-0.0060732229615796385,38.48813380582104
113,127,20000000,26,2e-06,1.05e-06,3084876153723253305,1000,1840,454,67,4.9362540385827e-08,-0.08675447419017607,55.25530269202129,-0.02062444061658857,32.3914122220282
114,66,20000000,26,2e-06,1.05e-06,2551785113460541868,1000,1286,448,67,2.8699004615268963e-08,-0.018542504889070978,94.71871363027799,-0.03360947814001001,73.55955342500987
115,92,20000000,26,2e-06,1.05e-06,60937751020686611,1000,3278,336,67,4.781290218313505e-08,-0.05060215096722116,93.50820578242846,-0.060456341090519096,78.8040932153489
116,111,20000000,26,2e-06,1.05e-06,4411867659563790926,1000,2348,427,67,6.356547396840268e-09,-0.010863658120177033,19.70284903054813,-0.05288556383049545,1.5631488291340645
117,211,20000000,26,2e-06,1.05e-06,3702684800789608441,1000,9572,414,67,3.5361356823235116e-08,-0.04801822161571409,42.5239269539813,-0.003697627363188061,55.363560869734826
118,55,20000000,26,2e-06,1.05e-06,710913116057558646,1000,13269,709,67,2.1273738233272154e-08,-0.05421225519612521,34.254010396574586,-0.0408339250157895,99.37446629315446
119,136,20000000,26,2e-06,1.05e-06,628006976775931194,1000,1582,600,67,2.4618075522891755e-08,-0.09262070367574017,95.57424399971572,-0.08233334562653961,37.78514289810675
120,242,20000000,26,2e-06,1.05e-06,36537855281862531,1000,1766,302,67,4.335693366598564e-09,-0.003876691735154869,39.756008591866795,-0.02034995676408087,43.6180603337618
121,95,20000000,26,2e-06,1.05e-06,808872954887678884,1000,1676,581,67,2.955053778146087e-08,-0.008456247406457095,81.70138274287392,-0.0599741254069312,69.14960095180952
122,291,20000000,26,2e-06,1.05e-06,680308167458105368,1000,3575,93,67,2.94614069426392e-08,-0.026624995415875263,12.496300759635194,-0.0673415034119197,26.61453779340527
123,33,20000000,26,2e-06,1.05e-06,247642806400955003,1000,2720,284,67,8.137140853473966e-09,-0.06446198991273179,5.727710890445181,-0.06374453909023368,83.63875265836026
124,285,20000000,26,2e-06,1.05e-06,2123426610850770797,1000,1043,377,67,1.3713394911704029e-08,-0.018112719268185553,31.780761437366113,-0.02407610046612646,64.27009005449834
125,39,20000000,26,2e-06,1.05e-06,4467927845162633029,1000,1934,31,67,4.201768366484049e-08,-0.09714426487780428,41.1812320267692,-0.06438821072422177,52.153403999175694
126,213,20000000,26,2e-06,1.05e-06,1838573019628243676,1000,4384,739,67,4.789600220267947e-08,-0.09795986543717793,70.86335748694891,-0.035684735324395665,85.23033373220072
127,282,20000000,26,2e-06,1.05e-06,449258883259395773,1000,2557,414,67,9.45919825036095e-09,-0.09924255565783942,79.51152407554581,-0.05625494833270979,1.282269675231229
128,258,20000000,26,2e-06,1.05e-06,4109559030652141847,1000,1184,58,67,2.7531022629128934e-08,-0.02000203809860105,84.18876390206836,-0.024484473221888337,34.810639150888946
129,284,20000000,26,2e-06,1.05e-06,3093616766138047112,1000,3357,774,67,7.4112940737739934e-09,-0.02720141227339309,52.01835654536232,-0.021902687970308587,59.35955903345634
130,164,20000000,26,2e-06,1.05e-06,1619360479473105964,1000,10663,278,67,3.937354546923803e-08,-0.08585236189692484,91.54503973684984,-0.0506627516658871,98.01661900971169
131,286,20000000,26,2e-06,1.05e-06,864671654940278403,1000,6258,424,67,2.86867430859353e-08,-0.08577477002754041,99.65384824088791,-0.004245064060924564,72.63595034483362
132,139,20000000,26,2e-06,1.05e-06,4542298030333272718,1000,1162,374,67,2.7848469640570972e-08,-0.0899428641734612,78.9763360658796,-0.035332003299466966,97.21135445965422
133,55,20000000,26,2e-06,1.05e-06,831964118362984439,1000,11882,116,67,2.055464760044322e-08,-0.06153086452916641,88.66957064540362,-0.024083619770680423,19.25687484931623
134,170,20000000,26,2e-06,1.05e-06,4331806880682724857,1000,11436,948,67,7.719851289590418e-09,-0.07020255223843089,15.371605844536273,-0.008449661966050471,97.18162283158783
135,98,20000000,26,2e-06,1.05e-06,1974639986855943017,1000,2310,204,67,2.048432908681029e-08,-0.03863619321306964,95.32031864032197,-0.08321976460649687,90.62475359490804
136,114,20000000,26,2e-06,1.05e-06,515511705970145432,1000,1228,824,67,1.5232505152342423e-09,-0.0702649328727362,19.979976346376795,-0.06541244104018677,23.885638535016497
137,92,20000000,26,2e-06,1.05e-06,2516646500077400048,1000,7190,856,67,2.601772573561698e-08,-0.03408370435135229,47.92983473712511,-0.033887082127668326,53.479794214666086
138,193,20000000,26,2e-06,1.05e-06,2200461552857688343,1000,4979,419,67,1.4364500321553097e-08,-0.06143210059036424,26.112736688326766,-0.007186635877798997,4.268058055686474
139,43,20000000,26,2e-06,1.05e-06,2667666295202144951,1000,8393,280,67,3.3641612082073787e-08,-0.006419285417559773,33.6444639951844,-0.0732317573016466,63.33658091072938
140,260,20000000,26,2e-06,1.05e-06,3164348477592429871,1000,1037,452,67,2.937846018296819e-09,-0.044967067468024924,22.711792132330988,-0.09987274541551708,23.2613549358353
141,214,20000000,26,2e-06,1.05e-06,1712826081520361100,1000,5434,999,67,2.880736867823057e-08,-0.09787036660517107,2.456368886753779,-0.08755607027664589,59.750148661788
142,187,20000000,26,2e-06,1.05e-06,3266916784934487504,1000,1800,118,67,1.3209456906165256e-08,-0.07371173281660072,38.396642039102105,-0.07720479491148306,54.77664916899041
143,178,20000000,26,2e-06,1.05e-06,1253953522783911367,1000,1561,657,67,3.3517711508490025e-08,-0.017878913949953234,99.96241725278408,-0.0749877924665877,72.56770896908684
144,105,20000000,26,2e-06,1.05e-06,253915773829235641,1000,11388,889,67,6.2761732023789094e-09,-0.04863225806900499,17.489062661851072,-0.0851194839060328,66.97338281380752
145,74,20000000,26,2e-06,1.05e-06,3627631818491306605,1000,3707,339,67,1.846442660983417e-08,-0.09361345209664734,75.8456212433157,-0.033486291021516255,37.53363064245544
146,291,20000000,26,2e-06,1.05e-06,731261523437484995,1000,18748,822,67,4.199481866711505e-08,-0.029705716148685824,40.9616779244677,-0.039675667475674914,89.33774687980866
147,100,20000000,26,2e-06,1.05e-06,64159758905387749,1000,1818,504,67,2.842728466383132e-08,-0.00810862028195225,98.38723417263324,-0.07129091756718771,47.4253954778476
148,77,20000000,26,2e-06,1.05e-06,3560867220542392490,1000,11576,986,67,3.6725883405746284e-09,-0.07984775056054637,25.314820288201755,-0.007348663958557867,28.18657739308107
149,113,20000000,26,2e-06,1.05e-06,4280887059085862981,1000,2483,474,67,4.908532664592132e-08,-0.022252843993758476,46.164709334723796,-0.015120552284804701,87.62691329596993
150,965,20000000,26,2e-06,1.05e-06,3512921560082945967,1000,1018,676,67,1.0184913078957768e-08,-0.018287179891035066,69.04230145773639,-0.05731903670717307,32.69872481955791
151,554,20000000,26,2e-06,1.05e-06,1494099721780734675,1000,2556,331,67,4.524669529380102e-08,-0.03184295672813799,40.14625310546297,-0.05835209995739479,19.07564038048123
152,2705,20000000,26,2e-06,1.05e-06,2726737438831952753,1000,5601,344,67,3.524589429969193e-08,-0.09907179116488785,19.396096102889327,-0.015826227947591465,22.01386526380884
153,1769,20000000,26,2e-06,1.05e-06,1070541640599785506,1000,3901,449,67,4.920156399091637e-08,-0.01795536685837613,85.1461997266787,-0.01840010992200868,16.221052739466792
154,1385,20000000,26,2e-06,1.05e-06,13615022767488275,1000,13564,529,67,2.8126924115549637e-08,-0.03058151110612585,14.602739696423573,-0.07044427514673504,5.0399238853236605
155,1388,20000000,26,2e-06,1.05e-06,4282397343740164029,1000,2196,168,67,4.031841133966713e-08,-0.03386558822831664,58.81689976170289,-0.07635299984657419,72.29356880650745
156,532,20000000,26,2e-06,1.05e-06,516489670464016708,1000,5552,327,67,4.1100202679065165e-08,-0.07874967422843607,88.59478961599933,-0.0460325269629184,85.73352389866149
157,2540,20000000,26,2e-06,1.05e-06,4447981357870416424,1000,1008,962,67,4.4900822881003014e-08,-0.018007320342866864,45.28358458867178,-0.05983384834308038,35.514708687338846
158,2220,20000000,26,2e-06,1.05e-06,1926929924864704731,1000,18708,427,67,2.6737898083806586e-08,-0.014406450194629106,9.107241188288938,-0.04514286457915322,40.31792935487363
159,994,20000000,26,2e-06,1.05e-06,1142430618143709336,1000,8591,370,67,2.814658514189664e-08,-0.09493221716627863,81.73337410829532,-0.036204954747971044,57.69471961977357
160,1510,20000000,26,2e-06,1.05e-06,4563915332995249419,1000,3979,623,67,1.062139886445651e-08,-0.08939571258500187,68.54516136353874,-0.053901155088811575,25.05687409557449
161,2926,20000000,26,2e-06,1.05e-06,1010081238896481601,1000,19318,718,67,4.946060922741038e-08,-0.07678963960907886,73.88005749857096,-0.05043391075565898,1.9836033848919299
162,1891,20000000,26,2e-06,1.05e-06,1921921666432017531,1000,4997,982,67,3.618548122151834e-08,-0.09301544347045287,44.68122270303901,-0.03533858790436756,49.38420791302286
163,2145,20000000,26,2e-06,1.05e-06,3395121437094492952,1000,5560,313,67,1.9918552412633676e-08,-0.08061921952741301,14.94800391919966,-0.08983073559970736,40.91985112637917
164,340,20000000,26,2e-06,1.05e-06,3481887353637955221,1000,2365,158,67,2.7885275261802587e-08,-0.03742286572353629,79.2976598569295,-0.037848068736287224,83.78798291062263
165,1376,20000000,26,2e-06,1.05e-06,2182118479686928522,1000,4003,450,67,3.173617173428868e-08,-0.05447509365934949,39.648326370071416,-0.0878943760762273,29.37850735028098
166,1023,20000000,26,2e-06,1.05e-06,4379671900332771519,1000,8443,957,67,2.9666572650758386e-08,-0.06620372967824582,53.81009567265937,-0.0646533995796497,38.62210391534793
167,1405,20000000,26,2e-06,1.05e-06,569876901522712222,1000,6733,706,67,2.820190059421551e-08,-0.029678839321890284,84.60936410985836,-0.056326106282628845,80.38313392420568
168,1114,20000000,26,2e-06,1.05e-06,2312006507111895139,1000,3413,350,67,5.3860198138200365e-09,-0.059719252994333144,83.41491297884508,-0.08685160628827104,48.167118218330174
169,2296,20000000,26,2e-06,1.05e-06,330880538249268968,1000,18654,311,67,4.959196132625938e-08,-0.05976560182165406,69.04755744834429,-0.05213373411250131,87.05671230545398
170,1577,20000000,26,2e-06,1.05e-06,4042741027538463716,1000,1212,80,67,1.3775747048582942e-08,-0.08543383134078535,81.35412999769795,-0.07794710565606197,53.89659200397734
171,1216,20000000,26,2e-06,1.05e-06,3320212106548495807,1000,1249,398,67,3.756676694707739e-08,-0.04436231967021997,50.01646735675062,-0.022115284178997607,63.822193556636385
172,2012,20000000,26,2e-06,1.05e-06,821210003064060759,1000,1072,337,67,3.506914910902499e-08,-0.05984161383062973,92.58425980994579,-0.05059130181680471,86.6333089443717
173,2506,20000000,26,2e-06,1.05e-06,3322624026235108646,1000,8346,115,67,2.902898755628338e-08,-0.09834266673031218,69.17791835286378,-0.06902683166713897,84.29318680041386
174,2588,20000000,26,2e-06,1.05e-06,4114058263139574347,1000,16926,388,67,1.2278613419210326e-09,-0.08766114644460692,83.58078812284519,-0.047489703279567565,12.595055620469676
175,2328,20000000,26,2e-06,1.05e-06,394139233265426741,1000,2667,823,67,1.1390215532365966e-09,-0.07101868108370424,33.11157780867531,-0.06660851863706466,78.73509526600107
176,2241,20000000,26,2e-06,1.05e-06,4464760374688036125,1000,8960,301,67,9.90810212757488e-09,-0.030254575296502884,10.259719316698856,-0.09364881619745037,46.85724658257969
177,2866,20000000,26,2e-06,1.05e-06,3446351491159165952,1000,8660,53,67,4.1145424296463456e-08,-0.024284286798956858,81.63790331634578,-0.024382598662492063,64.07273130671165
178,2844,20000000,26,2e-06,1.05e-06,1783700509643198245,1000,17077,884,67,8.193796447885825e-09,-0.0858308274672259,6.202385660426257,-0.09677693909263882,56.932985994684756
179,1585,20000000,26,2e-06,1.05e-06,1719324387549871044,1000,6681,650,67,2.7747263587632824e-08,-0.015722023988886613,97.8739653420295,-0.07997190949473983,63.088584487496924
180,354,20000000,26,2e-06,1.05e-06,2955347484061768873,1000,4263,555,67,2.8356447321343084e-08,-0.02380705595428442,0.2508804573138068,-0.09240658439468787,81.88205803745144
181,1952,20000000,26,2e-06,1.05e-06,2549606161731036124,1000,7389,435,67,1.8269580651423932e-08,-0.07467101899353794,1.6699901767071368,-0.042916948582225306,93.57657991444196
182,2036,20000000,26,2e-06,1.05e-06,1521016877332655947,1000,1986,284,67,3.912428782644712e-08,-0.05859483661593613,57.39848718126647,-0.0826589971452093,14.747622065435495
183,2471,20000000,26,2e-06,1.05e-06,1649470959922138661,1000,1036,460,67,2.327424836833593e-08,-0.0679483840485981,5.5507001577107085,-0.09752066780038894,91.62422324664085
184,1660,20000000,26,2e-06,1.05e-06,4170533213827748303,1000,9894,334,67,2.6912765630311573e-08,-0.010597101166860235,25.224509563050756,-0.09256956011578614,48.07672951162913
185,439,20000000,26,2e-06,1.05e-06,2247281824000402221,1000,1463,316,67,2.547588610471798e-08,-0.01146254889275601,62.04231060494409,-0.030629943086096324,44.36372841069075
186,2445,20000000,26,2e-06,1.05e-06,3592608000605370160,1000,11770,139,67,2.2030831294371365e-08,-0.09035041458034487,29.943297220935982,-0.07700836035932634,29.592300412527162
187,1895,20000000,26,2e-06,1.05e-06,2381746950449973132,1000,11201,746,67,8.500064232523636e-09,-0.0038193786314441925,32.35449218848113,-0.049715917398692466,83.50339588065064
188,558,20000000,26,2e-06,1.05e-06,1558115459513160553,1000,17559,223,67,3.4748332883018223e-08,-0.09146176707155379,63.327133378820776,-0.02230361530700945,81.49451410677749
189,2492,20000000,26,2e-06,1.05e-06,1745283428762154536,1000,2559,584,67,9.271013583834558e-09,-0.09640496213004461,12.778936257373141,-0.0422117277589,57.01802041818615
190,1053,20000000,26,2e-06,1.05e-06,1665096684789805007,1000,1362,996,67,6.356151141623245e-10,-0.09160125136098667,28.668824514182944,-0.015361542624192105,2.0088384873058196
191,2330,20000000,26,2e-06,1.05e-06,2806789719035846385,1000,1767,237,67,3.87503309292461e-08,-0.08010623457966884,58.05548602986005,-0.062035116465913975,57.27852990161738
192,1104,20000000,26,2e-06,1.05e-06,363063712070023193,1000,2357,468,67,2.8541194472158713e-08,-0.044012616812062026,7.7258486954444034,-0.02946605912804008,39.95930514312357
193,2132,20000000,26,2e-06,1.05e-06,3666684768914506751,1000,18996,935,67,3.332956956045424e-08,-0.024451975946993068,96.92720665449215,-0.08778512180518527,78.73897126308297
194,2830,20000000,26,2e-06,1.05e-06,2083657516332689598,1000,1196,450,67,3.806630226950458e-08,-0.056256856037128135,13.629054041604515,-0.0779763081405038,41.4731998034278
195,651,20000000,26,2e-06,1.05e-06,2093757897757484226,1000,2220,952,67,2.0210975735874342e-08,-0.06727591698059547,29.51548883091908,-0.09282326993869251,31.41198128674145
196,1163,20000000,26,2e-06,1.05e-06,2547928087981359192,1000,2546,926,67,2.6217523814882624e-08,-0.09932719281384332,8.792893978706484,-0.03892828052334905,28.262411258482334
197,2154,20000000,26,2e-06,1.05e-06,4332492571621478171,1000,12944,677,67,1.3374198470747194e-08,-0.0961417254984613,29.79386695161004,-0.07524046602079777,42.41151559919373
198,1583,20000000,26,2e-06,1.05e-06,2299368912277201171,1000,2094,805,67,1.867518071932685e-08,-0.058177090709106496,74.84694430472963,-0.026595412190833823,62.82705187938497
199,2935,20000000,26,2e-06,1.05e-06,4086699796128538155,1000,8024,128,67,4.1856559395740315e-08,-0.02609525230122769,49.368570225729904,-0.02949774691978544,96.04284815975629
200,1880,20000000,26,2e-06,1.05e-06,1738219634672205427,1000,8048,274,67,1.3223403934239247e-08,-0.07209675675082725,44.458263307969844,-0.04202114863706698,23.619669400373656
201,533,20000000,26,2e-06,1.05e-06,720801135901987868,1000,4979,718,67,3.8028254964648484e-08,-0.022087456818903808,72.6593610770823,-0.0913513717554813,3.3122084434275556
202,725,20000000,26,2e-06,1.05e-06,3396163852591911501,1000,1655,71,67,3.5280093972466287e-08,-0.08847713983084883,92.03901896271798,-0.0664291305242457,8.18329605274901
203,1415,20000000,26,2e-06,1.05e-06,2171286873835329454,1000,8100,196,67,1.753446126622165e-08,-0.024484161266786864,91.23277762830251,-0.06292906088321072,78.58202395483863
204,2415,20000000,26,2e-06,1.05e-06,3008228969954447412,1000,9903,301,67,2.190004607267517e-08,-0.062092262582664384,27.501832274807512,-0.09974495187644981,65.13194635691949
205,1513,20000000,26,2e-06,1.05e-06,2706192846364431288,1000,7986,539,67,2.0974458548237774e-08,-0.07320743257294901,34.368470418995145,-0.014564367296269698,79.01926203768755
206,441,20000000,26,2e-06,1.05e-06,1163005697138667386,1000,6647,684,67,3.8954035641560066e-08,-0.09989079838939702,60.05616676992368,-0.08668443865447219,20.316694450278106
207,2144,20000000,26,2e-06,1.05e-06,1751348081964873910,1000,5527,712,67,7.255386132876051e-09,-0.09331836218087702,78.98441420208381,-0.059305389453917334,8.061601172253441
208,562,20000000,26,2e-06,1.05e-06,2436394746290383899,1000,5766,171,67,1.7798326503090527e-08,-0.06190926820194451,79.70084659435125,-0.09806495880851424,82.81666031224977
209,2934,20000000,26,2e-06,1.05e-06,4008805959803921314,1000,19986,347,67,4.396956356513282e-09,-0.08068898527489315,26.17780612580888,-0.02266642473794389,59.42874087956929
210,1881,20000000,26,2e-06,1.05e-06,3032184565282275974,1000,2059,242,67,4.5275157897638276e-08,-0.06744215182827015,90.44042817471504,-0.0757407158305457,33.298567104037126
211,2804,20000000,26,2e-06,1.05e-06,3399176540622807851,1000,2196,209,67,2.5321315395640236e-08,-0.008185322602632395,30.91615717241991,-0.06785660191425828,36.01989801247256
212,1282,20000000,26,2e-06,1.05e-06,3849611050166750251,1000,1051,523,67,1.3034845066331101e-08,-0.028507895067059832,60.88161789216743,-0.03573557853483383,67.16624331341627
213,2934,20000000,26,2e-06,1.05e-06,475612334684606210,1000,1185,474,67,3.25007421125994e-09,-0.037053731264629276,57.71803219392695,-0.04148934159660842,95.68988911325144
214,811,20000000,26,2e-06,1.05e-06,891698829236476265,1000,2495,422,67,8.6557433731352e-09,-0.09137951745010295,93.72824522011983,-0.057530653711282964,75.6603692645424
215,1986,20000000,26,2e-06,1.05e-06,3138343596325190059,1000,11693,947,67,2.9543986391538232e-08,-0.052033945359537676,20.127114929412148,-0.05380104090989324,98.67567837615898
216,1088,20000000,26,2e-06,1.05e-06,2449354432482646633,1000,7228,970,67,1.472034906456171e-09,-0.0595803598176238,83.38810639579063,-0.06965127210688356,37.62840940457822
217,1358,20000000,26,2e-06,1.05e-06,436398422902879725,1000,3190,535,67,2.1071303324579413e-08,-0.08728842951986873,39.23637763504957,-0.09543649999834049,81.47675988017404
218,776,20000000,26,2e-06,1.05e-06,706139690013183602,1000,5905,478,67,3.2134347248718754e-08,-0.05246778696789814,57.80240184249905,-0.02353872375038959,89.83013457017225
219,1646,20000000,26,2e-06,1.05e-06,1225625147402823554,1000,14669,383,67,4.985435225656379e-08,-0.08425754006273777,79.40969352702571,-0.076974998572564,48.22901316430701
220,1808,20000000,26,2e-06,1.05e-06,519237752102484648,1000,18253,413,67,2.657319977969866e-08,-0.015563906879652534,39.934292906561,-0.0594743622616678,41.43593538978168
221,2680,20000000,26,2e-06,1.05e-06,1045150268229107716,1000,1657,776,67,3.3841115672842976e-08,-0.08018951412447624,65.56363287915815,-0.0520361236120924,58.87276132478535
222,2431,20000000,26,2e-06,1.05e-06,1312865030316166592,1000,3415,425,67,4.7862671419373385e-08,-0.001133530238637559,25.37755344817714,-0.030707724369790412,4.928420893990726
223,2708,20000000,26,2e-06,1.05e-06,1709029063950247986,1000,6890,123,67,2.3394065021372304e-08,-0.08991411343911138,46.56957701019914,-0.006174398963955274,98.60472040374793
224,1444,20000000,26,2e-06,1.05e-06,3633568298373060685,1000,6321,605,67,2.382604997408705e-08,-0.08104533741703926,4.067168131619569,-0.043180137598981316,54.365021007734256
225,522,20000000,26,2e-06,1.05e-06,1779645566179597975,1000,16906,661,67,2.3418543987789226e-08,-0.002417614189805062,62.225534815848164,-0.004245910813445309,21.90200908405676
226,1067,20000000,26,2e-06,1.05e-06,2550559632950919836,1000,12067,679,67,2.8143676029677255e-08,-0.055223380288787455,87.63153395363565,-0.077722011854118,90.34726828907156
227,1183,20000000,26,2e-06,1.05e-06,4188196763427285131,1000,1136,741,67,4.3902899463523875e-08,-0.017087614943559714,79.42258638925288,-0.05617146225610249,31.52280164864222
228,2831,20000000,26,2e-06,1.05e-06,153154843422518901,1000,13778,373,67,1.8070531807206768e-08,-0.03939581349672042,79.74322384150845,-0.09205773035658316,83.72592129864427
229,767,20000000,26,2e-06,1.05e-06,3911345937698730350,1000,1940,230,67,2.3498011281692337e-08,-0.02172683375826037,84.07049119787034,-0.0553856737375957,46.53564908902862
230,2069,20000000,26,2e-06,1.05e-06,1381494124917091968,1000,14131,676,67,1.7945161189180363e-08,-0.06707760433255222,28.20848870731115,-0.0028584593661369674,28.822103603429483
231,2537,20000000,26,2e-06,1.05e-06,2051376460245048497,1000,1359,599,67,1.129274387770135e-09,-0.07478306276559787,27.112395136098534,-0.04586691926617995,26.66475468214
232,2741,20000000,26,2e-06,1.05e-06,3755747288790282595,1000,11613,614,67,2.8963334342846157e-08,-0.08917440900467188,41.084085200714135,-0.0781447035250248,16.47652497448814
233,407,20000000,26,2e-06,1.05e-06,2386343132717802433,1000,5016,40,67,3.389335627026077e-08,-0.08685618454354425,98.05678265845278,-0.007077093995512762,50.50212843774599
234,1492,20000000,26,2e-06,1.05e-06,2214306362489323922,1000,9028,305,67,4.828168950662626e-09,-0.07202503512315608,56.709246691308536,-0.0817820283558499,35.80407925339001
235,2164,20000000,26,2e-06,1.05e-06,4388977358722980983,1000,1320,492,67,4.523207361978931e-08,-0.0604608158062169,22.760151032169993,-0.05421257471536183,75.75251469041953
236,2870,20000000,26,2e-06,1.05e-06,533642348989978713,1000,3720,268,67,4.729622705013488e-08,-0.04512268724340138,26.180331470277686,-0.04444909150814735,48.127681504688944
237,2625,20000000,26,2e-06,1.05e-06,3385909043425490241,1000,2644,345,67,3.8186965890162636e-08,-0.0993564217105312,16.043592865029876,-0.007335985456333583,3.5485845411908024
238,1944,20000000,26,2e-06,1.05e-06,1819033895721507600,1000,7930,732,67,4.2000003735189986e-08,-0.03116937472650222,4.804434160782445,-0.09324236597632587,28.75114143845654
239,2348,20000000,26,2e-06,1.05e-06,3155649939779167217,1000,2680,401,67,2.1449931111578424e-08,-0.023505633814974204,76.28800960290314,-0.07731425001609779,88.8718276646022
240,384,20000000,26,2e-06,1.05e-06,3914931452510830915,1000,2598,33,67,1.7302730715053626e-08,-0.09603196865971902,45.784155239914966,-0.09723249348929494,95.7594672604183
241,971,20000000,26,2e-06,1.05e-06,3196016058695421401,1000,18099,505,67,3.1256862355517134e-08,-0.033501099763115806,93.5516635979851,-0.01506344063558811,1.059294762490226
242,1348,20000000,26,2e-06,1.05e-06,1981880156275602869,1000,3906,190,67,1.7722695991998677e-08,-0.022639154321922185,57.547032695267184,-0.09181648401290277,64.41690007708057
243,681,20000000,26,2e-06,1.05e-06,3092227943344531807,1000,1690,398,67,1.7067587569627396e-08,-0.025286210885041172,70.10773221305038,-0.04505645925514756,45.09603344602926
244,2898,20000000,26,2e-06,1.05e-06,3172521617061857528,1000,9836,852,67,3.617799358141987e-08,-0.06106707017328392,59.28157844214172,-0.06673467809052235,94.45381478450473
245,1160,20000000,26,2e-06,1.05e-06,2467785383438040265,1000,1082,927,67,4.062478642451134e-09,-0.0525023425300056,89.35168242352748,-0.03350568184300345,96.84278576086788
246,1959,20000000,26,2e-06,1.05e-06,1187265247462485646,1000,9073,252,67,2.8613163239098494e-08,-0.0650647216967915,74.31420970082074,-0.036984311618797616,18.406201178863725
247,2037,20000000,26,2e-06,1.05e-06,2742160929473035987,1000,1074,344,67,8.403100658243013e-09,-0.03741345784939668,62.50841611757774,-0.038821298498079096,40.22831594992575
248,2427,20000000,26,2e-06,1.05e-06,2808044813843362007,1000,9971,102,67,3.8423891025582985e-08,-0.0038400076903595706,81.0390695765345,-0.07419984862032075,50.81855850671951
249,2621,20000000,26,2e-06,1.05e-06,3140299221251097437,1000,1242,322,67,3.643610121570987e-08,-0.09919710404116006,48.71936057794212,-0.010599163563726078,4.123735444888787
250,2937,20000000,26,2e-06,1.05e-06,3779704716758886244,1000,17457,524,67,4.292969138488717e-08,-0.01883781306181046,14.648867713521806,-0.02266742612198134,94.69944238260786
251,683,20000000,26,2e-06,1.05e-06,1562208706671829035,1000,3225,652,67,2.898240657561723e-08,-0.007591001168020518,14.138510878418886,-0.06135114789644022,48.719237689142616
252,1709,20000000,26,2e-06,1.05e-06,353917922641832114,1000,2903,856,67,3.9712044430330555e-08,-0.05722425497611682,18.274511451265308,-0.05974919526611802,18.985844502032514
253,1261,20000000,26,2e-06,1.05e-06,162167923664750275,1000,1590,315,67,2.2585197818458456e-08,-0.052512094155855005,26.838877493926983,-0.06562098018516677,78.53141486398799
254,2519,20000000,26,2e-06,1.05e-06,3480511619954425309,1000,19089,609,67,2.111856062153505e-09,-0.07756451714772006,23.09635792988487,-0.09015465269312511,66.98819476367413
255,561,20000000,26,2e-06,1.05e-06,505065482905415660,1000,1688,631,67,4.416833207708047e-08,-0.06998880917321608,61.52203792616524,-0.0581129138676946,33.293437045158605
256,1169,20000000,26,2e-06,1.05e-06,3102027526166864920,1000,2359,254,67,1.6711468326780653e-08,-6.566490122890123e-05,50.94001004331869,-0.008377418455891928,23.609062969951612
257,2049,20000000,26,2e-06,1.05e-06,340441397599001409,1000,3458,783,67,3.9937905714761754e-08,-0.06910684527748194,53.86450014387598,-0.012945287009521146,12.309659504519887
258,1440,20000000,26,2e-06,1.05e-06,266371459564670817,1000,1405,597,67,2.1534573174258547e-08,-0.0801548271426159,44.888486878666114,-0.06546420819338776,81.8633110289122
259,1281,20000000,26,2e-06,1.05e-06,3843114463223608706,1000,4224,847,67,3.499432629050248e-08,-0.07598712813504319,6.7022271645003855,-0.02307803293744816,66.36019994719156
260,2708,20000000,26,2e-06,1.05e-06,1225197213355383343,1000,1026,678,67,5.975159291554316e-09,-0.03279039242529599,52.005657297794116,-0.014603533234819622,25.42670840888942
261,886,20000000,26,2e-06,1.05e-06,4207823610467530275,1000,2532,862,67,3.206342066196421e-08,-0.04585971664291515,7.306399046862055,-0.03770525789419324,81.36403209444303
262,2829,20000000,26,2e-06,1.05e-06,227743043714424858,1000,15137,205,67,1.3671418578226679e-08,-0.024295069642562353,3.0693012913822315,-0.020579289717114948,22.680615716590992
263,953,20000000,26,2e-06,1.05e-06,1977879386228156315,1000,13106,390,67,2.1801433955919175e-08,-0.054062349609510174,65.67366554768653,-0.05729898735874095,26.105717774571126
264,2476,20000000,26,2e-06,1.05e-06,4115723764214412152,1000,16864,18,67,2.8335701420966733e-08,-0.071609845026083,10.60436577493984,-0.061468635937074245,70.91845992089009
265,914,20000000,26,2e-06,1.05e-06,4435114655219543449,1000,5784,893,67,4.802819162559335e-08,-0.007594867082356327,75.09494967620897,-0.00948929663907009,14.827232376509391
266,962,20000000,26,2e-06,1.05e-06,314690533825547299,1000,11604,954,67,3.578118324903816e-08,-0.05800372090695597,70.41553412308362,-0.04738644104615232,25.011944877836754
267,1711,20000000,26,2e-06,1.05e-06,3439801621123223889,1000,1628,362,67,3.983718737298279e-08,-0.05724724606077528,6.077979289119872,-0.07760021719880048,36.87858490357952
268,2173,20000000,26,2e-06,1.05e-06,1755989174886127125,1000,2541,620,67,3.8618759697340046e-08,-0.059829755316225225,79.08695943169481,-0.0880915496128142,96.82022898562539
269,616,20000000,26,2e-06,1.05e-06,186898694062605370,1000,1254,344,67,8.15886131607612e-09,-0.0497581602853764,90.58843848920397,-0.007599153540839155,62.060982145565646
270,2310,20000000,26,2e-06,1.05e-06,2896876930912578836,1000,6194,373,67,1.2705632025433622e-08,-0.03485767154619225,44.60497928680985,-0.006988385278850551,0.9339670230746
271,1030,20000000,26,2e-06,1.05e-06,1610168888781606032,1000,13749,706,67,1.6841960012831924e-08,-0.04450701318458912,24.371796348925223,-0.08194096946175793,18.894636454000423
272,497,20000000,26,2e-06,1.05e-06,3085546299920104429,1000,2705,99,67,4.314032089738281e-08,-0.07358743703876433,51.21899329203018,-0.04462963056209256,89.35457539959872
273,1475,20000000,26,2e-06,1.05e-06,2151609900584189830,1000,4847,106,67,3.6012343370892545e-08,-0.05752787066303398,63.093022114101785,-0.07857952881478596,6.363365847812874
274,439,20000000,26,2e-06,1.05e-06,3224668075258933857,1000,1358,83,67,3.5463688395069526e-08,-0.04438391987151078,37.49228453427478,-0.041379418678672425,75.47814783495957
275,2588,20000000,26,2e-06,1.05e-06,687913404761329312,1000,2027,847,67,2.08346391721553e-08,-0.008849798769006724,21.217747632897556,-0.03502492776211942,66.06836431735258
276,891,20000000,26,2e-06,1.05e-06,1526490808121302729,1000,17020,353,67,1.8449937656697723e-09,-0.03154001804279504,64.17931102268646,-0.0781403740289568,28.345501289414663
277,2833,20000000,26,2e-06,1.05e-06,3340747493515653985,1000,6299,368,67,1.0477931441846544e-08,-0.028891682893700612,49.500317978036264,-0.04355183925125278,69.69490475511645
278,1780,20000000,26,2e-06,1.05e-06,3378508179422389967,1000,1066,607,67,4.838016725891547e-09,-0.02709726449658295,40.34281265028129,-0.021619580713721977,36.60956534454306
279,369,20000000,26,2e-06,1.05e-06,4192290887328345433,1000,1113,292,67,1.4754602005152706e-08,-0.026023091462618497,58.84810336969406,-0.006489423468958711,0.1264431946637834
280,972,20000000,26,2e-06,1.05e-06,3342333446396728099,1000,4767,112,67,2.6041254151260285e-08,-0.07813343203251448,25.090089469884123,-0.06383527380174635,86.43435020457886
281,1348,20000000,26,2e-06,1.05e-06,2690006854751014953,1000,8738,152,67,1.8106547355636764e-08,-0.0771953233198481,18.29729305138906,-0.08026466373642893,11.80036366804227
282,1391,20000000,26,2e-06,1.05e-06,45940175687618604,1000,13087,657,67,4.478046020574844e-09,-0.001330577211730466,30.487952859442146,-0.04838845710761305,76.14129290119197
283,1773,20000000,26,2e-06,1.05e-06,500288250784585520,1000,3398,988,67,3.207459274902404e-08,-0.008509044105057184,44.69912030660841,-0.039187224251893193,11.53441733657804
284,2711,20000000,26,2e-06,1.05e-06,3347951656252433418,1000,18282,62,67,1.1813096987947246e-08,-0.010012936979359045,51.133719678227166,-0.06061502722646905,6.484721633818758
285,2907,20000000,26,2e-06,1.05e-06,3873835116940274615,1000,2479,471,67,9.889069908562309e-10,-0.09176994468908939,32.83317459803921,-0.012844662903036054,7.757881204430383
286,2194,20000000,26,2e-06,1.05e-06,882664355596455106,1000,1219,102,67,4.957283027839232e-09,-0.05737953770781326,12.872405982980982,-0.07535666568019578,1.9344334172831101
287,2202,20000000,26,2e-06,1.05e-06,2817968751000326061,1000,5717,454,67,2.6046034664761662e-08,-0.06377813527335342,53.898215201531954,-0.04158525187548273,79.9414084408686
288,527,20000000,26,2e-06,1.05e-06,1748416881272262274,1000,4020,228,67,2.7468061539473985e-08,-0.0032126020235679897,66.4863576726725,-0.020455313676244438,79.96477327570139
289,2337,20000000,26,2e-06,1.05e-06,2671180698762976363,1000,1793,964,67,4.6142413716241365e-08,-0.09272919339905909,10.696819821187953,-0.0032394080176161855,91.09575899463913
290,1252,20000000,26,2e-06,1.05e-06,1247984392046937995,1000,13279,18,67,2.759193201088709e-08,-0.021796605725346432,42.611029790236685,-0.0431146528191608,35.84671773933458
291,1172,20000000,26,2e-06,1.05e-06,574401119277313002,1000,5018,699,67,3.943585747818404e-08,-0.01990022040117864,63.838164733601666,-0.04784173681967879,61.5709548824683
292,1981,20000000,26,2e-06,1.05e-06,3562534271206155159,1000,3076,659,67,3.133890809606321e-09,-0.034907779759802804,99.806162685111,-0.0868221122845755,33.72688673614639
293,1606,20000000,26,2e-06,1.05e-06,742145318612625919,1000,15264,276,67,2.9963403822016763e-08,-0.08840614285785907,0.6441096129484403,-0.07808183492526534,38.27042949012912
294,1276,20000000,26,2e-06,1.05e-06,4096152499109576676,1000,9769,239,67,4.717369983793862e-08,-0.008333774348045053,88.18295114142288,-0.03658581638276664,5.997710641046339
295,2468,20000000,26,2e-06,1.05e-06,2574796156189327500,1000,3714,858,67,2.7451658202786166e-08,-0.04773070960038076,71.02169252149919,-0.0009628707327786756,4.337777337803638
296,2327,20000000,26,2e-06,1.05e-06,2676725868041502050,1000,2564,295,67,6.922819066728908e-09,-0.04283713356383272,65.68349145024057,-0.02775724637806981,19.123081554913234
297,2988,20000000,26,2e-06,1.05e-06,3012135105119414158,1000,3031,975,67,2.7510194254971754e-09,-0.09833286220799752,2.398312613228326,-0.0722606938014909,58.5697811895148
298,2777,20000000,26,2e-06,1.05e-06,3027846763673572514,1000,1294,577,67,9.517806339184643e-10,-0.02304742380057977,55.20354922218106,-0.09899387887688084,3.850556647896608
299,1241,20000000,26,2e-06,1.05e-06,3327592189818627254,1000,14428,567,67,4.6427681664194935e-08,-0.04049559318057028,97.97174375997578,-0.03663991060300952,27.65997247213341
300,300,20000000,26,2e-06,1.05e-06,16648067283585691,1000,17217,785,67,1.1031302323623758e-09,0.0,41.731575155969544,0.0,2.0122495045907796
301,300,20000000,26,2e-06,1.05e-06,770255099965401198,1000,1574,136,67,6.921347356967966e-09,0.0,14.084997301718927,0.0,78.71517374331364
302,300,20000000,26,2e-06,1.05e-06,711697964535457205,1000,1543,816,67,5.162339130373983e-09,0.0,88.41787169913867,0.0,59.09092063011323
303,300,20000000,26,2e-06,1.05e-06,2001014225636801939,1000,5331,764,67,3.4546362797880214e-08,0.0,68.91635878171704,0.0,58.56473790702784
304,300,20000000,26,2e-06,1.05e-06,314799056566939021,1000,19943,675,67,3.000136406099713e-08,0.0,58.61636199656017,0.0,30.155240093215852
305,300,20000000,26,2e-06,1.05e-06,3725174925436725132,1000,10407,445,67,1.165811276409709e-08,0.0,33.94041045993163,0.0,24.9826756005858
306,300,20000000,26,2e-06,1.05e-06,3198332680129405273,1000,10749,617,67,4.622661544009013e-08,0.0,3.8499448568846684,0.0,82.50008294696836
307,300,20000000,26,2e-06,1.05e-06,2640562898781297218,1000,2987,170,67,4.300478328972315e-08,0.0,8.509161865633342,0.0,5.878005141499754
308,300,20000000,26,2e-06,1.05e-06,1816377876196197649,1000,1613,418,67,2.8771012039320193e-08,0.0,51.290280696445734,0.0,25.897198781688648
309,300,20000000,26,2e-06,1.05e-06,1250708332389351524,1000,14445,983,67,3.730659453767038e-09,0.0,33.334723497575865,0.0,47.923814078034724
310,300,20000000,26,2e-06,1.05e-06,3390597387487305625,1000,1433,424,67,7.656444122181527e-09,0.0,49.2289778388775,0.0,87.31185220192927
311,300,20000000,26,2e-06,1.05e-06,4486691458943110743,1000,5407,899,67,4.016472291939374e-08,0.0,12.254227472599656,0.0,41.366672873820775
312,300,20000000,26,2e-06,1.05e-06,1389315575423507777,1000,18789,682,67,2.9717285450536843e-08,0.0,37.44156048115565,0.0,76.32791479633927
313,300,20000000,26,2e-06,1.05e-06,3582124865377987707,1000,4602,841,67,1.562377042982802e-08,0.0,51.99099103385888,0.0,14.844809675409964
314,300,20000000,26,2e-06,1.05e-06,1103770496950897131,1000,3665,116,67,4.450956090269355e-08,0.0,43.858088853306775,0.0,39.361259878375485
315,300,20000000,26,2e-06,1.05e-06,2883839446293513547,1000,10673,28,67,2.521455200581805e-08,0.0,4.229022036914298,0.0,65.27110959800784
316,300,20000000,26,2e-06,1.05e-06,112146285085781860,1000,1630,279,67,2.8220850255150947e-08,0.0,2.337959273082668,0.0,47.60401433804012
317,300,20000000,26,2e-06,1.05e-06,2460824357574220299,1000,8708,544,67,4.835719933786713e-08,0.0,39.78073693953084,0.0,24.111514766265074
318,300,20000000,26,2e-06,1.05e-06,4251108892689056923,1000,1916,459,67,2.833242796085379e-08,0.0,97.43207731933354,0.0,39.818335143376615
319,300,20000000,26,2e-06,1.05e-06,622386046459140760,1000,6970,682,67,6.2587469828068176e-12,0.0,95.4200093049462,0.0,76.03305414822611
320,300,20000000,26,2e-06,1.05e-06,3810061252781884905,1000,10790,211,67,7.042783511843564e-10,0.0,41.23720759555813,0.0,4.151392649481345
321,300,20000000,26,2e-06,1.05e-06,2272060390488910853,1000,5068,544,67,4.0938733659692934e-08,0.0,92.59906635318278,0.0,73.48467509954656
322,300,20000000,26,2e-06,1.05e-06,216914945030207810,1000,1740,32,67,3.689945333318873e-08,0.0,22.07671919223644,0.0,29.922338319935847
323,300,20000000,26,2e-06,1.05e-06,2280024000046988606,1000,5521,35,67,3.7161899972886264e-08,0.0,41.1034338560174,0.0,72.94660057219046
324,300,20000000,26,2e-06,1.05e-06,154211320784813819,1000,2027,832,67,4.4960896732910704e-08,0.0,5.735948020717874,0.0,7.1457787083583195
325,300,20000000,26,2e-06,1.05e-06,3736791237135477432,1000,1190,324,67,2.2432997734899406e-08,0.0,10.967784955296079,0.0,27.081990271967715
326,300,20000000,26,2e-06,1.05e-06,251025921923669839,1000,13505,920,67,2.6336277291293662e-08,0.0,74.19003852811612,0.0,51.582886773368266
327,300,20000000,26,2e-06,1.05e-06,1946438623188341149,1000,1532,418,67,3.197937229775997e-08,0.0,75.05529611471339,0.0,86.20693840837151
328,300,20000000,26,2e-06,1.05e-06,1453489025439023544,1000,1321,689,67,1.0727584067914347e-08,0.0,96.39685313080147,0.0,92.37318677485544
329,300,20000000,26,2e-06,1.05e-06,2271632406288272639,1000,2547,494,67,4.87019462644482e-08,0.0,53.29522765548973,0.0,1.55393591645282
330,300,20000000,26,2e-06,1.05e-06,3077311840708678353,1000,1804,344,67,1.8246322268682778e-09,0.0,77.41645950698216,0.0,27.21538309952225
331,300,20000000,26,2e-06,1.05e-06,3994489955463728460,1000,1507,338,67,3.4379567954283126e-08,0.0,17.25565082829592,0.0,96.19120497524172
332,300,20000000,26,2e-06,1.05e-06,2431972165392639574,1000,1214,319,67,1.468661316555181e-09,0.0,72.87647673808546,0.0,35.641797563732524
333,300,20000000,26,2e-06,1.05e-06,312516899930036582,1000,9720,103,67,2.5009409277223882e-08,0.0,68.26656925648702,0.0,22.91491570167461
334,300,20000000,26,2e-06,1.05e-06,2359493063552826723,1000,2224,838,67,6.024368345410435e-09,0.0,88.9908435573897,0.0,63.5508681480097
335,300,20000000,26,2e-06,1.05e-06,3618487514580596037,1000,3458,468,67,4.4330459867789706e-08,0.0,38.84557830619823,0.0,67.97690966496242
336,300,20000000,26,2e-06,1.05e-06,1242393785257670655,1000,16714,109,67,4.8809680557715704e-08,0.0,8.316398754672749,0.0,5.8613416841246995
337,300,20000000,26,2e-06,1.05e-06,3864759545589393321,1000,17165,618,67,1.0130403103865005e-08,0.0,72.87741669112647,0.0,1.4516585736237597
338,300,20000000,26,2e-06,1.05e-06,2483723647599520607,1000,10791,597,67,1.027742216502156e-08,0.0,27.662245122210127,0.0,21.758715283020614
339,300,20000000,26,2e-06,1.05e-06,237992773548684580,1000,5584,46,67,4.633581324023206e-09,0.0,20.266131842719382,0.0,55.21519544564575
340,300,20000000,26,2e-06,1.05e-06,372697397328150607,1000,15897,593,67,2.007388554589839e-08,0.0,96.89910292897099,0.0,20.500368638589805
341,300,20000000,26,2e-06,1.05e-06,743742073554219197,1000,1022,645,67,4.137033846761689e-08,0.0,94.16220970609358,0.0,50.67142240185181
342,300,20000000,26,2e-06,1.05e-06,3018685984239491990,1000,1731,132,67,4.138262713991585e-08,0.0,37.95822265105642,0.0,37.45639450433641
343,300,20000000,26,2e-06,1.05e-06,382711951237045237,1000,2709,552,67,4.2561913932429713e-08,0.0,36.35788535738107,0.0,29.16360337360706
344,300,20000000,26,2e-06,1.05e-06,1780932195258737580,1000,5488,834,67,2.8295578576561952e-08,0.0,55.50725992685568,0.0,4.348760005636054
345,300,20000000,26,2e-06,1.05e-06,632503059710151004,1000,9811,245,67,4.379693527430102e-08,0.0,14.340695080556953,0.0,26.89531606216332
346,300,20000000,26,2e-06,1.05e-06,3742661120379841462,1000,3088,544,67,3.4431452031524685e-08,0.0,72.40310669656665,0.0,10.08988159005243
347,300,20000000,26,2e-06,1.05e-06,4329277032297155640,1000,8769,613,67,2.841801993462889e-09,0.0,48.09566951836889,0.0,64.34020992425076
348,300,20000000,26,2e-06,1.05e-06,2261286205376745850,1000,7504,925,67,2.6341816290514708e-08,0.0,73.40328554077803,0.0,11.238600690082578
349,300,20000000,26,2e-06,1.05e-06,860979064184787792,1000,10005,89,67,3.8828399566886296e-08,0.0,58.00971246795073,0.0,32.31578573561657
350,300,20000000,26,2e-06,1.05e-06,4171496843743678451,1000,8028,702,67,2.1625461071810187e-08,0.0,2.4711983578410535,0.0,83.94015072453351
351,300,20000000,26,2e-06,1.05e-06,3535264822750780853,1000,4096,885,67,3.135246498501842e-08,0.0,50.6928522307863,0.0,24.2508893037123
352,300,20000000,26,2e-06,1.05e-06,1957884520083483505,1000,8427,352,67,2.1439027061406613e-08,0.0,97.98197758336735,0.0,99.4329172639115
353,300,20000000,26,2e-06,1.05e-06,2832550476183154958,1000,13822,314,67,1.0360228069791671e-08,0.0,25.112928579981265,0.0,30.400291293227
354,300,20000000,26,2e-06,1.05e-06,2764832562170404615,1000,3891,588,67,1.1896993803543793e-08,0.0,53.495655639984996,0.0,45.7792526476772
355,300,20000000,26,2e-06,1.05e-06,3308849966526305507,1000,7729,554,67,2.954907268269635e-09,0.0,72.60760408231766,0.0,77.68173190162993
356,300,20000000,26,2e-06,1.05e-06,2370853139158755197,1000,17527,606,67,2.4984803888178385e-08,0.0,86.62493934990165,0.0,26.76450369700093
357,300,20000000,26,2e-06,1.05e-06,4040845874692091608,1000,2171,846,67,4.1721073995469867e-08,0.0,87.21010579965973,0.0,41.551586322325015
358,300,20000000,26,2e-06,1.05e-06,489350685508432104,1000,4904,43,67,4.560668412549124e-08,0.0,62.71446166375826,0.0,89.77740955279623
359,300,20000000,26,2e-06,1.05e-06,384789212540564326,1000,5747,179,67,6.16224263235956e-09,0.0,66.38259592443391,0.0,46.28486274399186
360,300,20000000,26,2e-06,1.05e-06,1530913355817976325,1000,19225,72,67,2.1575039603091428e-08,0.0,27.121130911607228,0.0,19.204043727601807
361,300,20000000,26,2e-06,1.05e-06,3364124260656291542,1000,4455,535,67,2.7666915019522576e-08,0.0,43.38707889139298,0.0,4.402737504018028
362,300,20000000,26,2e-06,1.05e-06,1858890617387300465,1000,2723,374,67,4.999517909141889e-08,0.0,81.06659430720823,0.0,79.9505614047732
363,300,20000000,26,2e-06,1.05e-06,1856874862919921392,1000,5462,331,67,4.7720325326463036e-08,0.0,31.625270749633938,0.0,81.13738580522552
364,300,20000000,26,2e-06,1.05e-06,84772810820789275,1000,7169,961,67,4.42550821997568e-08,0.0,16.32639854274044,0.0,71.17304485905028
365,300,20000000,26,2e-06,1.05e-06,3033931413470784057,1000,7478,991,67,2.1382750373372275e-08,0.0,8.549991901280018,0.0,86.94792954704721
366,300,20000000,26,2e-06,1.05e-06,1999667583323238955,1000,6687,928,67,4.2289680551702695e-08,0.0,36.43607609754108,0.0,9.582114230020899
367,300,20000000,26,2e-06,1.05e-06,464161927146241047,1000,1986,117,67,3.9284075668094236e-08,0.0,38.78394165645792,0.0,25.856534486268078
368,300,20000000,26,2e-06,1.05e-06,4293869030743080817,1000,11720,836,67,3.086095473872963e-08,0.0,29.22556095724613,0.0,0.43421350447319096
369,300,20000000,26,2e-06,1.05e-06,4486554817688883713,1000,1681,105,67,5.11545494275537e-09,0.0,9.008179378672764,0.0,66.79229028655391
370,300,20000000,26,2e-06,1.05e-06,4253877332618379317,1000,1255,192,67,2.4925738412694126e-08,0.0,33.07440727078325,0.0,80.5088014471252
371,300,20000000,26,2e-06,1.05e-06,1951601281329405649,1000,7100,794,67,3.474417456447961e-08,0.0,10.700945851142718,0.0,32.85593111511941
372,300,20000000,26,2e-06,1.05e-06,2078847585850674070,1000,2145,702,67,4.1191799635696984e-08,0.0,1.9442822775003088,0.0,97.94071797262404
373,300,20000000,26,2e-06,1.05e-06,3968204275734098247,1000,11950,999,67,7.948994008224086e-09,0.0,51.31964868495028,0.0,38.85890051756127
374,300,20000000,26,2e-06,1.05e-06,3570833838387886331,1000,17798,975,67,2.0311583813589634e-08,0.0,6.903036324314005,0.0,69.06908029190416
375,300,20000000,26,2e-06,1.05e-06,3672273639379218534,1000,2445,687,67,5.645258677431575e-09,0.0,89.59567576267756,0.0,28.271768977784582
376,300,20000000,26,2e-06,1.05e-06,4122846882596696461,1000,17446,706,67,3.425915267340316e-08,0.0,83.1314955622041,0.0,18.441914792969083
377,300,20000000,26,2e-06,1.05e-06,929403967220181140,1000,10858,656,67,1.869959360596034e-08,0.0,1.1933426354255428,0.0,54.432295072024964
378,300,20000000,26,2e-06,1.05e-06,2010178568026471180,1000,9085,741,67,4.5698811602446976e-08,0.0,77.65283807204008,0.0,43.45628689001266
379,300,20000000,26,2e-06,1.05e-06,2388688554278781676,1000,1922,661,67,8.080416970360444e-09,0.0,26.502929856307343,0.0,19.765052227100988
380,300,20000000,26,2e-06,1.05e-06,3092003193734430716,1000,10298,629,67,6.868713481355354e-09,0.0,64.82339677927506,0.0,32.74302473884515
381,300,20000000,26,2e-06,1.05e-06,4389420120059781030,1000,1777,364,67,5.0719377792856735e-09,0.0,3.4128561177524164,0.0,67.93923689057539
382,300,20000000,26,2e-06,1.05e-06,3342607537736203725,1000,2388,366,67,3.957441461495823e-08,0.0,11.44250266032798,0.0,55.78805210920007
383,300,20000000,26,2e-06,1.05e-06,2847303237927651541,1000,2836,966,67,2.6350849789192482e-08,0.0,73.35529159807844,0.0,65.35706804926863
384,300,20000000,26,2e-06,1.05e-06,3433397194174819466,1000,7006,200,67,2.167108747196672e-08,0.0,84.71239079400809,0.0,76.28290446730642
385,300,20000000,26,2e-06,1.05e-06,4066664243773621690,1000,2469,315,67,1.9445571707961777e-08,0.0,16.086786683035726,0.0,99.36563540958863
386,300,20000000,26,2e-06,1.05e-06,393979163267119543,1000,1847,300,67,1.807350643420273e-08,0.0,57.01238943867474,0.0,56.133365806589396
387,300,20000000,26,2e-06,1.05e-06,3541584976886948469,1000,14663,448,67,2.7273148783503868e-08,0.0,94.1241833923796,0.0,85.73123100254539
388,300,20000000,26,2e-06,1.05e-06,3694047088060617135,1000,9294,130,67,4.679841976267217e-08,0.0,15.956786978976679,0.0,55.78752371332697
389,300,20000000,26,2e-06,1.05e-06,2028587879553918306,1000,1461,246,67,2.2897429449854084e-08,0.0,2.0965513764790833,0.0,9.401117414717175
390,300,20000000,26,2e-06,1.05e-06,1834125673064793246,1000,12532,886,67,1.5518109223570864e-08,0.0,31.029581978085595,0.0,54.021634472773286
391,300,20000000,26,2e-06,1.05e-06,721278910854933752,1000,1790,228,67,1.9498572909443507e-08,0.0,84.42360167596907,0.0,5.1603427344582675
392,300,20000000,26,2e-06,1.05e-06,3811743148841955105,1000,6960,178,67,2.949819202678138e-08,0.0,44.13416828378705,0.0,48.49431372862259
393,300,20000000,26,2e-06,1.05e-06,2887334405552355685,1000,2298,975,67,3.730009866491169e-08,0.0,54.240955560202686,0.0,74.37775570101903
394,300,20000000,26,2e-06,1.05e-06,3722605294748133323,1000,1043,648,67,2.5485735553437298e-08,0.0,40.206972563979825,0.0,89.56068605460713
395,300,20000000,26,2e-06,1.05e-06,1804099281939904696,1000,2148,150,67,2.9602471282372433e-08,0.0,79.24945859950549,0.0,53.42901464417614
396,300,20000000,26,2e-06,1.05e-06,1464824637151010483,1000,17979,414,67,4.778583895670002e-08,0.0,74.74167212720886,0.0,30.789622845285848
397,300,20000000,26,2e-06,1.05e-06,2160441376744648305,1000,3374,116,67,2.7059401414356437e-08,0.0,41.275701329996494,0.0,57.492003144401316
398,300,20000000,26,2e-06,1.05e-06,1071352329238739289,1000,3109,804,67,2.3629590675828804e-08,0.0,98.038988301263,0.0,84.42852458886459
399,300,20000000,26,2e-06,1.05e-06,2023738043717647441,1000,7204,334,67,2.0240747795136494e-08,0.0,89.86835021206834,0.0,21.387524302463202
